timezone,temp,humidity,description
2025-02-19 05:53:54,0.76,29,clear sky
2025-02-19 05:54:18,0.76,29,clear sky
2025-02-19 06:11:17,0.76,29,clear sky
2025-02-19 06:35:19,1.76,25,clear sky
2025-02-19 06:46:51,1.76,25,clear sky
2025-02-19 06:53:29,1.76,25,clear sky
2025-02-19 06:59:43,1.76,25,clear sky
2025-02-19 07:17:36,-0.42,18,clear sky
2025-02-19 07:28:12,0.76,25,clear sky
2025-02-19 07:35:48,0.76,25,clear sky
2025-02-19 07:44:30,0.76,25,clear sky
2025-02-19 07:51:22,0.76,25,clear sky
2025-02-19 07:57:55,0.76,25,clear sky
2025-02-19 08:20:02,-0.74,19,clear sky
2025-02-19 08:38:10,0.76,29,clear sky
2025-02-19 08:48:14,0.76,29,clear sky
2025-02-19 08:54:40,0.76,29,clear sky
2025-02-19 09:09:11,0.76,29,clear sky
2025-02-19 09:26:59,-1.24,29,clear sky
2025-02-19 09:36:19,-1.24,29,clear sky
2025-02-19 09:42:35,-1.24,29,clear sky
2025-02-19 09:49:19,-1.24,29,clear sky
2025-02-19 09:55:44,-1.24,29,clear sky
2025-02-19 10:11:24,-2.1,25,clear sky
2025-02-19 10:32:26,-3.24,39,clear sky
2025-02-19 10:43:06,-3.24,39,clear sky
2025-02-19 10:49:45,-3.24,39,clear sky
2025-02-19 10:56:33,-3.24,39,clear sky
2025-02-19 11:10:07,-3.24,39,clear sky
2025-02-19 11:22:20,-3.24,43,clear sky
2025-02-19 11:28:51,-3.24,43,clear sky
2025-02-19 11:36:31,-3.24,43,clear sky
2025-02-19 11:43:15,-3.24,43,clear sky
2025-02-19 11:49:52,-3.24,43,clear sky
2025-02-19 11:56:17,-3.24,43,clear sky
2025-02-19 12:20:27,-3.15,33,clear sky
2025-02-19 12:52:44,-4.24,50,clear sky
2025-02-19 13:14:06,-3.39,36,clear sky
2025-02-19 13:31:21,-5.24,50,clear sky
2025-02-19 13:40:31,-5.24,50,clear sky
2025-02-19 13:47:07,-5.24,50,clear sky
2025-02-19 13:54:00,-5.24,50,clear sky
2025-02-19 14:00:46,-5.24,50,clear sky
2025-02-19 14:19:30,-5.24,54,clear sky
2025-02-19 14:34:28,-5.24,54,clear sky
2025-02-19 14:43:36,-5.24,54,clear sky
2025-02-19 14:50:13,-5.24,54,clear sky
2025-02-19 14:57:03,-5.24,54,clear sky
2025-02-19 15:14:11,-3.23,36,clear sky
2025-02-19 15:30:15,-6.24,58,clear sky
2025-02-19 15:39:12,-6.24,58,clear sky
2025-02-19 15:45:57,-6.24,58,clear sky
2025-02-19 15:53:00,-6.24,58,clear sky
2025-02-19 15:59:16,-6.24,58,clear sky
2025-02-19 16:20:55,-3.29,37,clear sky
2025-02-19 16:39:47,-6.24,58,clear sky
2025-02-19 16:49:22,-6.24,58,clear sky
2025-02-19 16:56:01,-6.24,58,clear sky
2025-02-19 17:10:20,-3.46,37,clear sky
2025-02-19 17:27:50,-8.24,62,clear sky
2025-02-19 17:37:21,-8.24,62,clear sky
2025-02-19 17:44:05,-8.24,62,clear sky
2025-02-19 17:50:37,-8.24,62,clear sky
2025-02-19 17:57:15,-8.24,62,clear sky
2025-02-19 18:17:06,-3.7,39,clear sky
2025-02-19 18:37:33,-8.24,67,clear sky
2025-02-19 18:47:23,-8.24,67,clear sky
2025-02-19 18:53:55,-8.24,67,clear sky
2025-02-19 19:00:17,-8.24,67,clear sky
2025-02-19 19:15:33,-3.86,41,clear sky
2025-02-19 19:22:18,-9.24,73,clear sky
2025-02-19 19:28:31,-9.24,73,clear sky
2025-02-19 19:36:08,-9.24,73,clear sky
2025-02-19 19:42:26,-9.24,73,clear sky
2025-02-19 19:48:50,-9.24,73,clear sky
2025-02-19 19:55:37,-9.24,73,clear sky
2025-02-19 20:11:28,-4.05,42,clear sky
2025-02-19 20:28:54,-10.24,85,clear sky
2025-02-19 20:37:51,-10.24,85,clear sky
2025-02-19 20:44:03,-10.24,85,clear sky
2025-02-19 20:50:33,-10.24,85,clear sky
2025-02-19 20:57:11,-10.24,85,clear sky
2025-02-19 21:12:28,-10.24,85,clear sky
2025-02-19 21:25:02,-10.24,85,clear sky
2025-02-19 21:32:15,-10.24,85,clear sky
2025-02-19 21:39:00,-10.24,85,clear sky
2025-02-19 21:45:25,-10.24,85,clear sky
2025-02-19 21:51:49,-10.24,85,clear sky
2025-02-19 21:58:22,-10.24,85,clear sky
2025-02-19 22:14:42,-10.24,85,clear sky
2025-02-19 22:29:15,-4.41,43,clear sky
2025-02-19 22:37:56,-8.24,73,clear sky
2025-02-19 22:44:22,-8.24,73,clear sky
2025-02-19 22:51:02,-8.24,73,clear sky
2025-02-19 22:57:36,-8.24,73,clear sky
2025-02-19 23:13:27,-4.45,43,clear sky
2025-02-19 23:26:00,-7.24,73,clear sky
2025-02-19 23:33:44,-7.24,73,clear sky
2025-02-19 23:40:28,-7.24,73,clear sky
2025-02-19 23:46:56,-7.24,73,clear sky
2025-02-19 23:53:35,-7.24,73,clear sky
2025-02-20 00:00:18,-7.24,73,clear sky
2025-02-20 01:36:16,-1.24,40,clear sky
2025-02-20 02:39:25,-0.24,32,clear sky
2025-02-20 03:02:42,-0.24,32,clear sky
2025-02-20 03:27:56,0.76,29,clear sky
2025-02-20 03:41:33,0.76,29,clear sky
2025-02-20 03:48:09,0.76,29,clear sky
2025-02-20 03:54:43,0.76,29,clear sky
2025-02-20 04:10:56,-0.67,25,clear sky
2025-02-20 04:30:41,0.76,29,clear sky
2025-02-20 04:41:47,0.76,29,clear sky
2025-02-20 04:48:20,0.76,29,clear sky
2025-02-20 04:54:58,0.76,29,clear sky
2025-02-20 05:09:27,-0.11,23,clear sky
2025-02-20 05:28:53,1.76,27,clear sky
2025-02-20 05:38:48,1.76,27,clear sky
2025-02-20 05:45:20,1.76,27,clear sky
2025-02-20 05:51:37,1.76,27,clear sky
2025-02-20 05:58:24,1.76,27,clear sky
2025-02-20 06:22:02,1.76,27,clear sky
2025-02-20 06:40:37,1.76,27,clear sky
2025-02-20 06:49:30,1.76,27,clear sky
2025-02-20 06:55:54,1.76,27,clear sky
2025-02-20 07:10:42,1.76,27,clear sky
2025-02-20 07:24:39,1.76,27,clear sky
2025-02-20 07:31:22,1.76,27,clear sky
2025-02-20 07:38:39,1.76,27,clear sky
2025-02-20 07:45:01,1.76,27,clear sky
2025-02-20 07:51:18,1.76,27,clear sky
2025-02-20 07:57:38,1.76,27,clear sky
2025-02-20 08:18:55,0.78,29,few clouds
2025-02-20 08:37:07,0.76,23,clear sky
2025-02-20 08:47:16,0.76,23,clear sky
2025-02-20 08:53:32,0.76,23,clear sky
2025-02-20 08:59:52,0.76,23,clear sky
2025-02-20 09:19:45,-1.24,29,clear sky
2025-02-20 09:31:39,-1.24,29,clear sky
2025-02-20 09:40:37,-1.24,29,clear sky
2025-02-20 09:47:01,-1.24,29,clear sky
2025-02-20 09:53:43,-1.24,29,clear sky
2025-02-20 10:00:19,-1.24,29,clear sky
2025-02-20 10:21:16,-2.24,34,clear sky
2025-02-20 10:38:05,-2.24,34,clear sky
2025-02-20 10:45:21,-2.24,34,clear sky
2025-02-20 10:52:01,-2.24,34,clear sky
2025-02-20 10:58:24,-2.24,34,clear sky
2025-02-20 11:13:02,-2.78,34,clear sky
2025-02-20 11:24:08,-3.24,36,clear sky
2025-02-20 11:30:44,-3.24,36,clear sky
2025-02-20 11:38:08,-3.24,36,clear sky
2025-02-20 11:44:49,-3.24,36,clear sky
2025-02-20 11:51:17,-3.24,36,clear sky
2025-02-20 11:57:52,-3.24,36,clear sky
2025-02-20 12:29:51,-4.24,39,clear sky
2025-02-20 12:59:33,-4.24,39,clear sky
2025-02-20 13:24:27,-5.24,50,clear sky
2025-02-20 13:37:10,-5.24,50,clear sky
2025-02-20 13:43:48,-5.24,50,clear sky
2025-02-20 13:50:31,-5.24,50,clear sky
2025-02-20 13:57:19,-5.24,50,clear sky
2025-02-20 14:13:22,-5.24,50,clear sky
2025-02-20 14:31:31,-5.24,54,clear sky
2025-02-20 14:42:40,-5.24,54,clear sky
2025-02-20 14:49:16,-5.24,54,clear sky
2025-02-20 14:55:50,-5.24,54,clear sky
2025-02-20 15:11:42,-3.66,39,clear sky
2025-02-20 15:30:02,-6.24,58,clear sky
2025-02-20 15:40:34,-6.24,58,clear sky
2025-02-20 15:47:14,-6.24,58,clear sky
2025-02-20 15:53:52,-6.24,58,clear sky
2025-02-20 16:00:33,-6.24,58,clear sky
2025-02-20 16:27:05,-7.24,63,clear sky
2025-02-20 16:43:54,-7.24,63,clear sky
2025-02-20 16:52:49,-7.24,63,clear sky
2025-02-20 16:59:27,-7.24,63,clear sky
2025-02-20 17:15:03,-7.24,63,clear sky
2025-02-20 17:28:13,-6.24,63,clear sky
2025-02-20 17:37:01,-6.24,63,clear sky
2025-02-20 17:43:30,-6.24,63,clear sky
2025-02-20 17:49:45,-6.24,63,clear sky
2025-02-20 17:56:12,-6.24,63,clear sky
2025-02-20 18:15:31,-6.24,63,clear sky
2025-02-20 18:37:11,-7.24,63,clear sky
2025-02-20 18:47:37,-7.24,63,clear sky
2025-02-20 18:54:12,-7.24,63,clear sky
2025-02-20 19:03:21,-7.24,63,clear sky
2025-02-20 19:18:36,-4.01,42,clear sky
2025-02-20 19:25:15,-9.24,62,clear sky
2025-02-20 19:32:23,-9.24,62,clear sky
2025-02-20 19:39:09,-9.24,62,clear sky
2025-02-20 19:45:49,-9.24,62,clear sky
2025-02-20 19:52:08,-9.24,62,clear sky
2025-02-20 19:58:49,-9.24,62,clear sky
2025-02-20 20:18:26,-9.24,62,clear sky
2025-02-20 21:22:32,-4.27,44,clear sky
2025-02-20 21:29:57,-10.24,79,clear sky
2025-02-20 21:37:05,-10.24,79,clear sky
2025-02-20 21:43:24,-10.24,79,clear sky
2025-02-20 21:49:42,-10.24,79,clear sky
2025-02-20 21:56:13,-10.24,79,clear sky
2025-02-20 22:10:59,-10.24,79,clear sky
2025-02-20 22:29:20,-10.24,85,clear sky
2025-02-20 22:38:53,-10.24,85,clear sky
2025-02-20 22:45:22,-10.24,85,clear sky
2025-02-20 22:51:58,-10.24,85,clear sky
2025-02-20 22:58:28,-10.24,85,clear sky
2025-02-20 23:15:36,-4.48,47,clear sky
2025-02-20 23:28:18,-7.24,73,clear sky
2025-02-20 23:35:57,-7.24,73,clear sky
2025-02-20 23:42:19,-7.24,73,clear sky
2025-02-20 23:49:03,-7.24,73,clear sky
2025-02-20 23:55:44,-7.24,73,clear sky
2025-02-21 00:51:07,-3.24,59,clear sky
2025-02-21 02:09:03,-1.24,43,clear sky
2025-02-21 02:55:18,-0.24,32,clear sky
2025-02-21 03:15:58,-1.5,29,clear sky
2025-02-21 03:34:09,0.76,32,clear sky
2025-02-21 03:43:52,0.76,32,clear sky
2025-02-21 03:50:14,0.76,32,clear sky
2025-02-21 03:56:32,0.76,32,clear sky
2025-02-21 04:15:42,0.76,32,clear sky
2025-02-21 04:35:07,0.76,32,clear sky
2025-02-21 04:46:10,0.76,32,clear sky
2025-02-21 04:52:21,0.76,32,clear sky
2025-02-21 04:58:49,0.76,32,clear sky
2025-02-21 05:16:06,-0.26,28,clear sky
2025-02-21 05:31:08,0.76,32,clear sky
2025-02-21 05:40:11,0.76,32,clear sky
2025-02-21 05:46:53,0.76,32,clear sky
2025-02-21 05:53:08,0.76,32,clear sky
2025-02-21 05:59:29,0.76,32,clear sky
2025-02-21 06:25:38,0.76,37,clear sky
2025-02-21 06:41:42,0.76,37,clear sky
2025-02-21 06:49:55,0.76,37,clear sky
2025-02-21 06:56:38,0.76,37,clear sky
2025-02-21 07:12:14,0.76,37,clear sky
2025-02-21 07:25:18,0.76,40,clear sky
2025-02-21 07:32:20,0.76,40,clear sky
2025-02-21 07:38:49,0.76,40,clear sky
2025-02-21 07:45:16,0.76,40,clear sky
2025-02-21 07:51:45,0.76,40,clear sky
2025-02-21 07:58:10,0.76,40,clear sky
2025-02-21 08:19:32,0.11,24,clear sky
2025-02-21 08:35:52,1.76,30,clear sky
2025-02-21 08:46:04,1.76,30,clear sky
2025-02-21 08:52:44,1.76,30,clear sky
2025-02-21 08:59:19,1.76,30,clear sky
2025-02-21 09:18:30,-0.76,26,clear sky
2025-02-21 09:30:45,-0.24,27,clear sky
2025-02-21 09:39:17,-0.24,27,clear sky
2025-02-21 09:45:51,-0.24,27,clear sky
2025-02-21 09:52:29,-0.24,27,clear sky
2025-02-21 09:58:42,-0.24,27,clear sky
2025-02-21 10:17:29,-1.6,29,clear sky
2025-02-21 10:34:20,-2.24,37,clear sky
2025-02-21 10:43:12,-2.24,37,clear sky
2025-02-21 10:49:42,-2.24,37,clear sky
2025-02-21 10:56:13,-2.24,37,clear sky
2025-02-21 11:09:20,-2.24,37,clear sky
2025-02-21 11:22:47,-2.15,33,clear sky
2025-02-21 11:29:26,-2.24,40,clear sky
2025-02-21 11:36:44,-2.24,40,clear sky
2025-02-21 11:43:21,-2.24,40,clear sky
2025-02-21 11:49:51,-2.24,40,clear sky
2025-02-21 11:56:05,-2.24,40,clear sky
2025-02-21 12:21:19,-2.67,38,clear sky
2025-02-21 12:53:55,-3.24,46,clear sky
2025-02-21 13:14:31,-2.69,39,clear sky
2025-02-21 13:30:17,-4.24,50,clear sky
2025-02-21 13:38:28,-4.24,50,clear sky
2025-02-21 13:44:47,-4.24,50,clear sky
2025-02-21 13:51:28,-4.24,50,clear sky
2025-02-21 13:57:47,-4.24,50,clear sky
2025-02-21 14:12:43,-2.6,40,clear sky
2025-02-21 14:29:24,-4.24,50,clear sky
2025-02-21 14:39:27,-4.24,50,clear sky
2025-02-21 14:45:50,-4.24,50,clear sky
2025-02-21 14:52:36,-4.24,50,clear sky
2025-02-21 14:58:56,-4.24,50,clear sky
2025-02-21 15:17:36,-4.24,50,clear sky
2025-02-21 15:30:47,-4.24,54,clear sky
2025-02-21 15:39:38,-4.24,54,clear sky
2025-02-21 15:46:29,-4.24,54,clear sky
2025-02-21 15:53:20,-4.24,54,clear sky
2025-02-21 15:59:37,-4.24,54,clear sky
2025-02-21 16:23:00,-5.24,58,clear sky
2025-02-21 16:39:13,-5.24,58,clear sky
2025-02-21 16:46:16,-5.24,58,clear sky
2025-02-21 16:52:32,-5.24,58,clear sky
2025-02-21 16:58:55,-5.24,58,clear sky
2025-02-21 17:14:37,-3.39,38,few clouds
2025-02-21 17:27:28,-5.24,63,clear sky
2025-02-21 17:35:44,-5.24,63,clear sky
2025-02-21 17:42:12,-5.24,63,clear sky
2025-02-21 17:48:51,-5.24,63,clear sky
2025-02-21 17:55:11,-5.24,63,clear sky
2025-02-21 18:12:48,-3.93,38,clear sky
2025-02-21 18:34:53,-6.24,73,clear sky
2025-02-21 18:46:05,-6.24,73,clear sky
2025-02-21 18:52:37,-6.24,73,clear sky
2025-02-21 18:59:15,-6.24,73,clear sky
2025-02-21 19:13:29,-4.18,39,clear sky
2025-02-21 19:22:05,-7.24,73,clear sky
2025-02-21 19:28:51,-7.24,73,clear sky
2025-02-21 19:36:33,-7.24,73,clear sky
2025-02-21 19:43:00,-7.24,73,clear sky
2025-02-21 19:49:28,-7.24,73,clear sky
2025-02-21 19:55:43,-7.24,73,clear sky
2025-02-21 20:11:14,-7.24,73,clear sky
2025-02-21 20:27:50,-8.24,86,clear sky
2025-02-21 20:36:50,-8.24,86,clear sky
2025-02-21 20:43:04,-8.24,86,clear sky
2025-02-21 20:49:45,-8.24,86,clear sky
2025-02-21 20:56:14,-8.24,86,clear sky
2025-02-21 21:09:57,-8.24,86,clear sky
2025-02-21 21:21:58,-7.24,73,clear sky
2025-02-21 21:29:04,-7.24,73,clear sky
2025-02-21 21:36:25,-7.24,73,clear sky
2025-02-21 21:42:55,-7.24,73,clear sky
2025-02-21 21:49:21,-7.24,73,clear sky
2025-02-21 21:55:36,-7.24,73,clear sky
2025-02-21 22:09:44,-7.24,73,clear sky
2025-02-21 22:28:27,-7.24,79,clear sky
2025-02-21 22:37:50,-7.24,79,clear sky
2025-02-21 22:44:25,-7.24,79,clear sky
2025-02-21 22:50:48,-7.24,79,clear sky
2025-02-21 22:57:22,-7.24,79,clear sky
2025-02-21 23:14:13,-7.24,79,clear sky
2025-02-21 23:26:54,-4.52,41,clear sky
2025-02-21 23:34:40,-6.24,73,clear sky
2025-02-21 23:40:55,-6.24,73,clear sky
2025-02-21 23:47:31,-6.24,73,clear sky
2025-02-21 23:54:04,-6.24,73,clear sky
2025-02-22 00:34:33,-3.24,59,clear sky
2025-02-22 02:01:25,-1.24,43,clear sky
2025-02-22 02:48:37,-0.24,34,clear sky
2025-02-22 03:02:09,-0.24,34,clear sky
2025-02-22 03:25:32,0.76,34,clear sky
2025-02-22 03:36:39,0.76,34,clear sky
2025-02-22 03:43:18,0.76,34,clear sky
2025-02-22 03:49:38,0.76,34,clear sky
2025-02-22 03:56:15,0.76,34,clear sky
2025-02-22 04:13:19,0.76,34,clear sky
2025-02-22 04:32:18,1.76,32,clear sky
2025-02-22 04:43:38,1.76,32,clear sky
2025-02-22 04:50:15,1.76,32,clear sky
2025-02-22 04:56:55,1.76,32,clear sky
2025-02-22 05:12:05,1.76,32,clear sky
2025-02-22 05:28:28,0.76,34,clear sky
2025-02-22 05:37:07,0.76,34,clear sky
2025-02-22 05:43:34,0.76,34,clear sky
2025-02-22 05:50:10,0.76,34,clear sky
2025-02-22 05:56:45,0.76,34,clear sky
2025-02-22 06:17:05,-0.06,25,clear sky
2025-02-22 06:39:21,0.76,37,clear sky
2025-02-22 06:48:56,0.76,37,clear sky
2025-02-22 06:55:14,0.76,37,clear sky
2025-02-22 07:08:16,0.76,37,clear sky
2025-02-22 07:21:30,0.76,37,clear sky
2025-02-22 07:27:54,0.76,37,clear sky
2025-02-22 07:35:22,0.76,37,clear sky
2025-02-22 07:41:56,0.76,37,clear sky
2025-02-22 07:48:20,0.76,37,clear sky
2025-02-22 07:54:55,0.76,37,clear sky
2025-02-22 08:10:20,0.76,37,clear sky
2025-02-22 08:29:05,0.76,37,clear sky
2025-02-22 08:39:30,0.76,37,clear sky
2025-02-22 08:46:07,0.76,37,clear sky
2025-02-22 08:52:49,0.76,37,clear sky
2025-02-22 08:59:09,0.76,37,clear sky
2025-02-22 09:16:43,-0.49,28,clear sky
2025-02-22 09:27:54,-0.49,28,clear sky
2025-02-22 09:35:22,-1.24,47,clear sky
2025-02-22 09:41:49,-1.24,47,clear sky
2025-02-22 09:48:17,-1.24,47,clear sky
2025-02-22 09:54:48,-1.24,47,clear sky
2025-02-22 10:07:42,-1.24,47,clear sky
2025-02-22 10:28:51,-1.24,51,clear sky
2025-02-22 10:40:37,-1.24,51,clear sky
2025-02-22 10:47:14,-1.24,51,clear sky
2025-02-22 10:53:50,-1.24,51,clear sky
2025-02-22 11:00:22,-1.24,51,clear sky
2025-02-22 11:14:17,-2.26,34,clear sky
2025-02-22 11:22:21,-2.26,34,clear sky
2025-02-22 11:28:42,-2.24,37,clear sky
2025-02-22 11:35:54,-2.24,37,clear sky
2025-02-22 11:42:28,-2.24,37,clear sky
2025-02-22 11:49:10,-2.24,37,clear sky
2025-02-22 11:55:41,-2.24,37,clear sky
2025-02-22 12:17:07,-2.81,35,few clouds
2025-02-22 12:47:49,-4.24,42,clear sky
2025-02-22 13:02:22,-4.24,42,clear sky
2025-02-22 13:23:12,-5.24,46,clear sky
2025-02-22 13:30:13,-5.24,46,clear sky
2025-02-22 13:37:24,-5.24,46,clear sky
2025-02-22 13:43:48,-5.24,46,clear sky
2025-02-22 13:50:06,-5.24,46,clear sky
2025-02-22 13:56:29,-5.24,46,clear sky
2025-02-22 14:09:23,-3.59,39,broken clouds
2025-02-22 14:25:49,-5.24,50,clear sky
2025-02-22 14:34:19,-5.24,50,clear sky
2025-02-22 14:40:43,-5.24,50,clear sky
2025-02-22 14:47:01,-5.24,50,clear sky
2025-02-22 14:53:23,-5.24,50,clear sky
2025-02-22 14:59:41,-5.24,50,clear sky
2025-02-22 15:16:47,-5.24,50,clear sky
2025-02-22 15:28:09,-6.24,53,clear sky
2025-02-22 15:35:12,-6.24,53,clear sky
2025-02-22 15:41:47,-6.24,53,clear sky
2025-02-22 15:48:23,-6.24,53,clear sky
2025-02-22 15:54:49,-6.24,53,clear sky
2025-02-22 16:08:47,-6.24,53,clear sky
2025-02-22 16:28:55,-6.24,58,clear sky
2025-02-22 16:39:35,-6.24,58,clear sky
2025-02-22 16:46:18,-6.24,58,clear sky
2025-02-22 16:52:58,-6.24,58,clear sky
2025-02-22 16:59:37,-6.24,58,clear sky
2025-02-22 17:15:24,-3.57,40,scattered clouds
2025-02-22 17:29:24,-8.24,62,clear sky
2025-02-22 17:36:57,-8.24,62,clear sky
2025-02-22 17:43:35,-8.24,62,clear sky
2025-02-22 17:50:13,-8.24,62,clear sky
2025-02-22 17:56:37,-8.24,62,clear sky
2025-02-22 18:14:48,-3.99,40,few clouds
2025-02-22 18:33:19,-7.24,58,clear sky
2025-02-22 18:42:35,-7.24,58,clear sky
2025-02-22 18:49:03,-7.24,58,clear sky
2025-02-22 18:55:41,-7.24,58,clear sky
2025-02-22 19:08:06,-7.24,58,clear sky
2025-02-22 19:19:01,-9.24,67,clear sky
2025-02-22 19:25:32,-9.24,67,clear sky
2025-02-22 19:32:46,-9.24,67,clear sky
2025-02-22 19:39:06,-9.24,67,clear sky
2025-02-22 19:45:40,-9.24,67,clear sky
2025-02-22 19:52:00,-9.24,67,clear sky
2025-02-22 19:58:20,-9.24,67,clear sky
2025-02-22 20:15:04,-9.24,67,clear sky
2025-02-22 20:27:27,-8.24,67,clear sky
2025-02-22 20:35:10,-8.24,67,clear sky
2025-02-22 20:41:30,-8.24,67,clear sky
2025-02-22 20:47:56,-8.24,67,clear sky
2025-02-22 20:54:14,-8.24,67,clear sky
2025-02-22 21:06:52,-8.24,67,clear sky
2025-02-22 21:22:13,-8.24,67,clear sky
2025-02-22 21:28:53,-4.75,35,clear sky
2025-02-22 21:36:02,-8.24,67,clear sky
2025-02-22 21:42:39,-8.24,67,clear sky
2025-02-22 21:49:22,-8.24,67,clear sky
2025-02-22 21:55:40,-8.24,67,clear sky
2025-02-22 22:08:44,-4.86,37,clear sky
2025-02-22 22:26:32,-4.86,37,clear sky
2025-02-22 22:35:33,-7.24,63,clear sky
2025-02-22 22:42:13,-7.24,63,clear sky
2025-02-22 22:48:57,-7.24,63,clear sky
2025-02-22 22:55:16,-7.24,63,clear sky
2025-02-22 23:08:18,-7.24,63,clear sky
2025-02-22 23:22:17,-4.93,37,clear sky
2025-02-22 23:28:41,-4.93,37,clear sky
2025-02-22 23:36:17,-5.24,58,clear sky
2025-02-22 23:42:50,-5.24,58,clear sky
2025-02-22 23:49:26,-5.24,58,clear sky
2025-02-22 23:55:41,-5.24,58,clear sky
2025-02-23 00:54:42,-3.24,43,clear sky
2025-02-23 02:15:47,-3.27,32,clear sky
2025-02-23 03:00:40,-1.24,37,clear sky
2025-02-23 03:26:28,-2.24,34,few clouds
2025-02-23 03:40:17,-2.24,34,few clouds
2025-02-23 03:46:56,-2.24,34,few clouds
2025-02-23 03:53:35,-2.24,34,few clouds
2025-02-23 04:00:11,-2.24,34,few clouds
2025-02-23 04:22:08,-1.98,28,clear sky
2025-02-23 04:38:47,-0.24,32,few clouds
2025-02-23 04:46:26,-0.24,32,few clouds
2025-02-23 04:53:13,-0.24,32,few clouds
2025-02-23 04:59:25,-0.24,32,few clouds
2025-02-23 05:16:00,-1.47,25,clear sky
2025-02-23 05:30:17,-0.24,27,clear sky
2025-02-23 05:38:45,-0.24,27,clear sky
2025-02-23 05:45:18,-0.24,27,clear sky
2025-02-23 05:51:59,-0.24,27,clear sky
2025-02-23 05:58:23,-0.24,27,clear sky
2025-02-23 06:20:16,-1.29,24,few clouds
2025-02-23 06:37:49,-0.24,29,clear sky
2025-02-23 06:45:43,-0.24,29,clear sky
2025-02-23 06:52:29,-0.24,29,clear sky
2025-02-23 06:58:54,-0.24,29,clear sky
2025-02-23 07:14:24,-1.38,24,clear sky
2025-02-23 07:25:42,-0.24,34,clear sky
2025-02-23 07:32:48,-0.24,34,clear sky
2025-02-23 07:39:10,-0.24,34,clear sky
2025-02-23 07:45:51,-0.24,34,clear sky
2025-02-23 07:52:36,-0.24,34,clear sky
2025-02-23 07:59:06,-0.24,34,clear sky
2025-02-23 08:21:08,-0.24,29,clear sky
2025-02-23 08:34:52,-0.24,29,clear sky
2025-02-23 08:44:14,-0.24,29,clear sky
2025-02-23 08:50:35,-0.24,29,clear sky
2025-02-23 08:57:04,-0.24,29,clear sky
2025-02-23 09:12:52,-0.24,29,clear sky
2025-02-23 09:27:53,-2.24,34,clear sky
2025-02-23 09:36:57,-2.24,34,clear sky
2025-02-23 09:43:20,-2.24,34,clear sky
2025-02-23 09:49:42,-2.24,34,clear sky
2025-02-23 09:56:01,-2.24,34,clear sky
2025-02-23 10:10:46,-2.24,34,clear sky
2025-02-23 10:29:49,-3.24,36,clear sky
2025-02-23 10:39:37,-3.24,36,clear sky
2025-02-23 10:45:53,-3.24,36,clear sky
2025-02-23 10:52:19,-3.24,36,clear sky
2025-02-23 10:58:42,-3.24,36,clear sky
2025-02-23 11:12:56,-3.24,36,clear sky
2025-02-23 11:23:05,-4.24,42,clear sky
2025-02-23 11:30:03,-4.24,42,clear sky
2025-02-23 11:38:29,-4.24,42,clear sky
2025-02-23 11:44:59,-4.24,42,clear sky
2025-02-23 11:51:44,-4.24,42,clear sky
2025-02-23 11:58:04,-4.24,42,clear sky
2025-02-23 12:27:05,-5.24,50,clear sky
2025-02-23 12:53:39,-5.24,50,clear sky
2025-02-23 13:10:56,-5.24,50,clear sky
2025-02-23 13:26:46,-5.24,50,clear sky
2025-02-23 13:33:49,-5.24,50,clear sky
2025-02-23 13:40:18,-5.24,50,clear sky
2025-02-23 13:46:50,-5.24,50,clear sky
2025-02-23 13:53:29,-5.24,50,clear sky
2025-02-23 13:59:45,-5.24,50,clear sky
2025-02-23 14:16:49,-5.24,50,clear sky
2025-02-23 14:29:59,-6.24,53,clear sky
2025-02-23 14:39:17,-6.24,53,clear sky
2025-02-23 14:45:50,-6.24,53,clear sky
2025-02-23 14:52:24,-6.24,53,clear sky
2025-02-23 14:58:49,-6.24,53,clear sky
2025-02-23 15:15:12,-3.63,39,clear sky
2025-02-23 15:26:55,-6.24,53,clear sky
2025-02-23 15:34:50,-6.24,53,clear sky
2025-02-23 15:41:38,-6.24,53,clear sky
2025-02-23 15:48:00,-6.24,53,clear sky
2025-02-23 15:54:41,-6.24,53,clear sky
2025-02-23 16:08:21,-6.24,53,clear sky
2025-02-23 16:28:58,-6.24,58,clear sky
2025-02-23 16:39:34,-6.24,58,clear sky
2025-02-23 16:46:07,-6.24,58,clear sky
2025-02-23 16:52:54,-6.24,58,clear sky
2025-02-23 16:59:15,-6.24,58,clear sky
2025-02-23 17:14:35,-3.7,39,clear sky
2025-02-23 17:27:12,-8.24,62,clear sky
2025-02-23 17:35:46,-8.24,62,clear sky
2025-02-23 17:42:29,-8.24,62,clear sky
2025-02-23 17:48:58,-8.24,62,clear sky
2025-02-23 17:55:13,-8.24,62,clear sky
2025-02-23 18:11:39,-3.84,39,clear sky
2025-02-23 18:32:06,-8.24,67,clear sky
2025-02-23 18:42:38,-8.24,67,clear sky
2025-02-23 18:49:19,-8.24,67,clear sky
2025-02-23 18:55:52,-8.24,67,clear sky
2025-02-23 19:08:01,-8.24,67,clear sky
2025-02-23 19:18:34,-10.24,79,clear sky
2025-02-23 19:25:09,-10.24,79,clear sky
2025-02-23 19:32:17,-10.24,79,clear sky
2025-02-23 19:39:04,-10.24,79,clear sky
2025-02-23 19:45:23,-10.24,79,clear sky
2025-02-23 19:52:08,-10.24,79,clear sky
2025-02-23 19:58:45,-10.24,79,clear sky
2025-02-23 20:16:39,-4.09,42,clear sky
2025-02-23 20:29:17,-10.24,73,clear sky
2025-02-23 20:37:56,-10.24,73,clear sky
2025-02-23 20:44:12,-10.24,73,clear sky
2025-02-23 20:51:07,-10.24,73,clear sky
2025-02-23 20:57:22,-10.24,73,clear sky
2025-02-23 21:11:33,-4.28,42,clear sky
2025-02-23 21:24:49,-9.24,73,clear sky
2025-02-23 21:31:37,-9.24,73,clear sky
2025-02-23 21:38:35,-9.24,73,clear sky
2025-02-23 21:45:07,-9.24,73,clear sky
2025-02-23 21:51:38,-9.24,73,clear sky
2025-02-23 21:58:14,-9.24,73,clear sky
2025-02-23 22:13:38,-9.24,73,clear sky
2025-02-23 22:29:31,-10.24,79,clear sky
2025-02-23 22:38:03,-10.24,79,clear sky
2025-02-23 22:44:26,-10.24,79,clear sky
2025-02-23 22:51:08,-10.24,79,clear sky
2025-02-23 22:57:29,-10.24,79,clear sky
2025-02-23 23:12:24,-10.24,79,clear sky
2025-02-23 23:24:50,-4.24,43,clear sky
2025-02-23 23:31:46,-7.24,68,clear sky
2025-02-23 23:39:02,-7.24,68,clear sky
2025-02-23 23:45:36,-7.24,68,clear sky
2025-02-23 23:52:22,-7.24,68,clear sky
2025-02-23 23:58:45,-7.24,68,clear sky
2025-02-24 01:18:36,-0.24,37,clear sky
2025-02-24 02:35:13,0.76,32,clear sky
2025-02-24 03:05:59,0.76,32,clear sky
2025-02-24 03:32:54,1.76,30,clear sky
2025-02-24 03:45:31,1.76,30,clear sky
2025-02-24 03:51:53,1.76,30,clear sky
2025-02-24 03:58:14,1.76,30,clear sky
2025-02-24 04:18:51,0.38,26,clear sky
2025-02-24 04:35:00,2.76,30,clear sky
2025-02-24 04:44:15,2.76,30,clear sky
2025-02-24 04:50:51,2.76,30,clear sky
2025-02-24 04:57:14,2.76,30,clear sky
2025-02-24 05:13:40,2.76,30,clear sky
2025-02-24 05:30:32,3.76,33,clear sky
2025-02-24 05:40:06,3.76,33,clear sky
2025-02-24 05:46:44,3.76,33,clear sky
2025-02-24 05:53:17,3.76,33,clear sky
2025-02-24 05:59:42,3.76,33,clear sky
2025-02-24 06:27:56,3.76,33,clear sky
2025-02-24 06:44:46,3.76,33,clear sky
2025-02-24 06:51:49,3.76,33,clear sky
2025-02-24 06:58:21,3.76,33,clear sky
2025-02-24 07:15:33,3.76,33,clear sky
2025-02-24 07:27:19,2.2,24,clear sky
2025-02-24 07:34:56,3.76,30,clear sky
2025-02-24 07:41:29,3.76,30,clear sky
2025-02-24 07:48:07,3.76,30,clear sky
2025-02-24 07:54:40,3.76,30,clear sky
2025-02-24 08:12:43,3.76,30,clear sky
2025-02-24 08:34:19,3.76,30,clear sky
2025-02-24 08:46:19,3.76,30,clear sky
2025-02-24 08:52:42,3.76,30,clear sky
2025-02-24 08:59:27,3.76,30,clear sky
2025-02-24 09:20:18,1.87,27,clear sky
2025-02-24 09:32:51,1.76,35,clear sky
2025-02-24 09:41:31,1.76,35,clear sky
2025-02-24 09:48:13,1.76,35,clear sky
2025-02-24 09:54:55,1.76,35,clear sky
2025-02-24 10:10:39,1.76,35,clear sky
2025-02-24 10:32:56,0.76,40,clear sky
2025-02-24 10:44:10,0.76,40,clear sky
2025-02-24 10:50:49,0.76,40,clear sky
2025-02-24 10:57:27,0.76,40,clear sky
2025-02-24 11:11:55,0.54,35,clear sky
2025-02-24 11:23:45,0.76,60,clear sky
2025-02-24 11:30:09,0.76,60,clear sky
2025-02-24 11:37:38,0.76,60,clear sky
2025-02-24 11:44:03,0.76,60,clear sky
2025-02-24 11:50:31,0.76,60,clear sky
2025-02-24 11:57:05,0.76,60,clear sky
2025-02-24 12:26:45,0.11,38,clear sky
2025-02-24 12:58:37,0.76,64,clear sky
2025-02-24 13:23:56,-0.09,41,clear sky
2025-02-24 13:38:00,-0.24,69,clear sky
2025-02-24 13:44:46,-0.24,69,clear sky
2025-02-24 13:51:29,-0.24,69,clear sky
2025-02-24 13:58:05,-0.24,69,clear sky
2025-02-24 14:15:13,-0.26,42,clear sky
2025-02-24 14:32:47,-2.24,86,clear sky
2025-02-24 14:43:33,-2.24,86,clear sky
2025-02-24 14:49:56,-2.24,86,clear sky
2025-02-24 14:56:39,-2.24,86,clear sky
2025-02-24 15:14:14,-0.36,43,clear sky
2025-02-24 15:31:12,-5.24,93,clear sky
2025-02-24 15:41:50,-5.24,93,clear sky
2025-02-24 15:48:28,-5.24,93,clear sky
2025-02-24 15:54:53,-5.24,93,clear sky
2025-02-24 16:11:19,-0.43,45,clear sky
2025-02-24 16:35:41,-6.24,100,clear sky
2025-02-24 16:48:42,-6.24,100,clear sky
2025-02-24 16:55:20,-6.24,100,clear sky
2025-02-24 17:09:06,-0.46,50,clear sky
2025-02-24 17:25:33,-5.24,100,clear sky
2025-02-24 17:35:01,-5.24,100,clear sky
2025-02-24 17:41:16,-5.24,100,clear sky
2025-02-24 17:48:06,-5.24,100,clear sky
2025-02-24 17:54:24,-5.24,100,clear sky
2025-02-24 18:11:27,-5.24,100,clear sky
2025-02-24 18:35:56,-7.24,93,clear sky
2025-02-24 18:47:50,-7.24,93,clear sky
2025-02-24 18:54:34,-7.24,93,clear sky
2025-02-24 19:06:39,-7.24,93,clear sky
2025-02-24 19:20:18,-6.24,93,clear sky
2025-02-24 19:26:56,-6.24,93,clear sky
2025-02-24 19:35:18,-6.24,93,clear sky
2025-02-24 19:41:42,-6.24,93,clear sky
2025-02-24 19:48:36,-6.24,93,clear sky
2025-02-24 19:55:11,-6.24,93,clear sky
2025-02-24 20:11:02,-0.5,68,broken clouds
2025-02-24 20:28:49,-7.24,100,clear sky
2025-02-24 20:38:34,-7.24,100,clear sky
2025-02-24 20:45:04,-7.24,100,clear sky
2025-02-24 20:51:33,-7.24,100,clear sky
2025-02-24 20:57:54,-7.24,100,clear sky
2025-02-24 21:13:12,-7.24,100,clear sky
2025-02-24 21:25:39,-7.24,100,clear sky
2025-02-24 21:33:39,-7.24,100,clear sky
2025-02-24 21:40:45,-7.24,100,clear sky
2025-02-24 21:47:19,-7.24,100,clear sky
2025-02-24 21:53:52,-7.24,100,clear sky
2025-02-24 22:00:34,-7.24,100,clear sky
2025-02-24 22:19:14,-0.74,68,scattered clouds
2025-02-24 22:33:25,-6.24,100,clear sky
2025-02-24 22:41:51,-6.24,100,clear sky
2025-02-24 22:48:27,-6.24,100,clear sky
2025-02-24 22:54:45,-6.24,100,clear sky
2025-02-24 23:08:22,-6.24,100,clear sky
2025-02-24 23:24:11,-0.53,66,scattered clouds
2025-02-24 23:30:37,-3.24,93,clear sky
2025-02-24 23:37:51,-3.24,93,clear sky
2025-02-24 23:44:19,-3.24,93,clear sky
2025-02-24 23:50:42,-3.24,93,clear sky
2025-02-24 23:57:00,-3.24,93,clear sky
2025-02-25 01:03:11,0.76,80,clear sky
2025-02-25 02:21:55,3.76,60,broken clouds
2025-02-25 03:02:24,3.76,60,broken clouds
2025-02-25 03:29:51,5.76,52,broken clouds
2025-02-25 03:43:22,5.76,52,broken clouds
2025-02-25 03:49:54,5.76,52,broken clouds
2025-02-25 03:56:35,5.76,52,broken clouds
2025-02-25 04:15:35,3.82,50,overcast clouds
2025-02-25 04:33:27,4.76,56,broken clouds
2025-02-25 04:43:24,4.76,56,broken clouds
2025-02-25 04:50:07,4.76,56,broken clouds
2025-02-25 04:56:47,4.76,56,broken clouds
2025-02-25 05:12:56,4.76,56,broken clouds
2025-02-25 05:30:31,4.76,60,broken clouds
2025-02-25 05:39:59,4.76,60,broken clouds
2025-02-25 05:46:22,4.76,60,broken clouds
2025-02-25 05:52:48,4.76,60,broken clouds
2025-02-25 05:59:25,4.76,60,broken clouds
2025-02-25 06:26:05,4.69,53,overcast clouds
2025-02-25 06:42:44,4.76,65,broken clouds
2025-02-25 06:50:45,4.76,65,broken clouds
2025-02-25 06:57:09,4.76,65,broken clouds
2025-02-25 07:13:18,4.76,65,broken clouds
2025-02-25 07:26:40,4.56,56,overcast clouds
2025-02-25 07:33:54,5.76,61,broken clouds
2025-02-25 07:40:29,5.76,61,broken clouds
2025-02-25 07:46:52,5.76,61,broken clouds
2025-02-25 07:53:11,5.76,61,broken clouds
2025-02-25 07:59:47,5.76,61,broken clouds
2025-02-25 08:25:00,4.76,65,broken clouds
2025-02-25 08:40:07,4.76,65,broken clouds
2025-02-25 08:49:35,4.76,65,broken clouds
2025-02-25 08:56:17,4.76,65,broken clouds
2025-02-25 09:12:47,3.84,66,overcast clouds
2025-02-25 09:29:28,4.76,70,broken clouds
2025-02-25 09:39:21,4.76,70,broken clouds
2025-02-25 09:45:45,4.76,70,broken clouds
2025-02-25 09:52:30,4.76,70,broken clouds
2025-02-25 09:58:54,4.76,70,broken clouds
2025-02-25 10:18:17,3.37,71,overcast clouds
2025-02-25 10:36:51,3.76,75,broken clouds
2025-02-25 10:45:31,3.76,75,broken clouds
2025-02-25 10:52:00,3.76,75,broken clouds
2025-02-25 10:58:35,3.76,75,broken clouds
2025-02-25 11:13:51,3.76,75,broken clouds
2025-02-25 11:25:19,3.76,75,broken clouds
2025-02-25 11:32:23,3.76,75,broken clouds
2025-02-25 11:39:34,3.76,75,broken clouds
2025-02-25 11:46:25,3.76,75,broken clouds
2025-02-25 11:53:08,3.76,75,broken clouds
2025-02-25 11:59:48,3.76,75,broken clouds
2025-02-25 12:37:58,3.76,81,scattered clouds
2025-02-25 13:03:04,3.76,81,scattered clouds
2025-02-25 13:30:20,1.76,93,scattered clouds
2025-02-25 13:41:18,1.76,93,scattered clouds
2025-02-25 13:47:52,1.76,93,scattered clouds
2025-02-25 13:54:22,1.76,93,scattered clouds
2025-02-25 14:08:03,1.76,93,scattered clouds
2025-02-25 14:29:10,1.76,93,scattered clouds
2025-02-25 14:41:13,1.76,93,scattered clouds
2025-02-25 14:47:55,1.76,93,scattered clouds
2025-02-25 14:54:28,1.76,93,scattered clouds
2025-02-25 15:08:50,2.3,87,clear sky
2025-02-25 15:28:45,2.76,93,scattered clouds
2025-02-25 15:39:36,2.76,93,scattered clouds
2025-02-25 15:46:11,2.76,93,scattered clouds
2025-02-25 15:52:50,2.76,93,scattered clouds
2025-02-25 15:59:19,2.76,93,scattered clouds
2025-02-25 16:23:09,2.15,88,clear sky
2025-02-25 16:41:59,2.76,93,mist
2025-02-25 16:52:07,2.76,93,mist
2025-02-25 16:58:41,2.76,93,mist
2025-02-25 17:17:43,1.9,90,clear sky
2025-02-25 17:33:51,2.76,100,mist
2025-02-25 17:42:56,2.76,100,mist
2025-02-25 17:49:36,2.76,100,mist
2025-02-25 17:55:57,2.76,100,mist
2025-02-25 18:15:47,1.15,82,clear sky
2025-02-25 18:38:36,2.76,100,mist
2025-02-25 18:49:01,2.76,100,mist
2025-02-25 18:55:41,2.76,100,mist
2025-02-25 19:08:42,2.76,100,mist
2025-02-25 19:21:13,0.58,80,clear sky
2025-02-25 19:27:32,1.76,100,mist
2025-02-25 19:35:36,1.76,100,mist
2025-02-25 19:41:54,1.76,100,mist
2025-02-25 19:48:46,1.76,100,mist
2025-02-25 19:55:21,1.76,100,mist
2025-02-25 20:11:04,0.19,69,clear sky
2025-02-25 20:28:53,-0.24,100,mist
2025-02-25 20:38:37,-0.24,100,mist
2025-02-25 20:45:08,-0.24,100,mist
2025-02-25 20:51:35,-0.24,100,mist
2025-02-25 20:57:54,-0.24,100,mist
2025-02-25 21:13:43,-0.26,56,clear sky
2025-02-25 21:26:50,-0.26,56,clear sky
2025-02-25 21:35:07,-1.24,93,fog
2025-02-25 21:41:49,-1.24,93,fog
2025-02-25 21:48:27,-1.24,93,fog
2025-02-25 21:54:47,-1.24,93,fog
2025-02-25 22:08:16,-1.24,93,fog
2025-02-25 22:28:26,-4.24,100,fog
2025-02-25 22:39:01,-4.24,100,fog
2025-02-25 22:45:36,-4.24,100,fog
2025-02-25 22:51:55,-4.24,100,fog
2025-02-25 22:58:21,-4.24,100,fog
2025-02-25 23:14:41,-0.39,37,clear sky
2025-02-25 23:26:50,-2.24,93,fog
2025-02-25 23:34:28,-2.24,93,fog
2025-02-25 23:40:59,-2.24,93,fog
2025-02-25 23:47:29,-2.24,93,fog
2025-02-25 23:54:10,-2.24,93,fog
2025-02-26 00:37:00,1.76,87,mist
2025-02-26 02:07:36,3.76,60,haze
2025-02-26 02:56:47,4.76,45,haze
2025-02-26 03:19:41,4.17,16,clear sky
2025-02-26 03:40:24,6.76,26,clear sky
2025-02-26 03:49:03,6.76,26,clear sky
2025-02-26 03:55:36,6.76,26,clear sky
2025-02-26 04:13:41,5.17,15,clear sky
2025-02-26 04:33:20,7.76,17,clear sky
2025-02-26 04:46:16,7.76,17,clear sky
2025-02-26 04:53:04,7.76,17,clear sky
2025-02-26 04:59:27,7.76,17,clear sky
2025-02-26 05:18:09,7.76,21,clear sky
2025-02-26 05:32:26,7.76,21,clear sky
2025-02-26 05:41:57,7.76,21,clear sky
2025-02-26 05:48:42,7.76,21,clear sky
2025-02-26 05:54:56,7.76,21,clear sky
2025-02-26 06:13:42,5.99,17,clear sky
2025-02-26 06:37:06,7.76,19,clear sky
2025-02-26 06:47:51,7.76,19,clear sky
2025-02-26 06:54:23,7.76,19,clear sky
2025-02-26 07:08:20,7.76,19,clear sky
2025-02-26 07:24:02,7.76,18,clear sky
2025-02-26 07:30:41,7.76,18,clear sky
2025-02-26 07:38:15,7.76,18,clear sky
2025-02-26 07:44:43,7.76,18,clear sky
2025-02-26 07:51:16,7.76,18,clear sky
2025-02-26 07:57:53,7.76,18,clear sky
2025-02-26 08:19:48,5.22,23,clear sky
2025-02-26 08:38:47,6.76,19,clear sky
2025-02-26 08:48:57,6.76,19,clear sky
2025-02-26 08:55:22,6.76,19,clear sky
2025-02-26 09:11:14,6.76,19,clear sky
2025-02-26 09:28:52,4.76,22,clear sky
2025-02-26 09:38:51,4.76,22,clear sky
2025-02-26 09:44:58,4.76,22,clear sky
2025-02-26 09:51:37,4.76,22,clear sky
2025-02-26 09:57:59,4.76,22,clear sky
2025-02-26 10:16:43,3.39,33,clear sky
2025-02-26 10:35:29,2.76,23,clear sky
2025-02-26 10:44:46,2.76,23,clear sky
2025-02-26 10:51:14,2.76,23,clear sky
2025-02-26 10:57:52,2.76,23,clear sky
2025-02-26 11:12:48,2.78,40,clear sky
2025-02-26 11:25:01,2.78,40,clear sky
2025-02-26 11:31:46,1.76,27,clear sky
2025-02-26 11:39:01,1.76,27,clear sky
2025-02-26 11:45:38,1.76,27,clear sky
2025-02-26 11:52:21,1.76,27,clear sky
2025-02-26 11:58:36,1.76,27,clear sky
2025-02-26 12:33:00,0.76,37,clear sky
2025-02-26 13:01:40,0.76,37,clear sky
2025-02-26 13:28:41,-0.24,40,clear sky
2025-02-26 13:40:11,-0.24,40,clear sky
2025-02-26 13:46:49,-0.24,40,clear sky
2025-02-26 13:53:33,-0.24,40,clear sky
2025-02-26 13:59:53,-0.24,40,clear sky
2025-02-26 14:18:43,1.11,54,clear sky
2025-02-26 14:34:56,-1.24,51,clear sky
2025-02-26 14:44:32,-1.24,51,clear sky
2025-02-26 14:51:21,-1.24,51,clear sky
2025-02-26 14:57:38,-1.24,51,clear sky
2025-02-26 15:16:03,-1.24,51,clear sky
2025-02-26 15:32:58,-4.24,68,clear sky
2025-02-26 15:43:28,-4.24,68,clear sky
2025-02-26 15:49:56,-4.24,68,clear sky
2025-02-26 15:56:35,-4.24,68,clear sky
2025-02-26 16:15:54,0.52,59,clear sky
2025-02-26 16:37:57,-4.24,74,clear sky
2025-02-26 16:50:07,-4.24,74,clear sky
2025-02-26 16:56:48,-4.24,74,clear sky
2025-02-26 17:11:51,0.3,59,clear sky
2025-02-26 17:28:35,-5.24,63,clear sky
2025-02-26 17:37:57,-5.24,63,clear sky
2025-02-26 17:44:19,-5.24,63,clear sky
2025-02-26 17:50:49,-5.24,63,clear sky
2025-02-26 17:57:14,-5.24,63,clear sky
2025-02-26 18:18:47,0.16,58,clear sky
2025-02-26 18:40:08,0.05,55,clear sky
2025-02-26 18:49:51,0.15,57,clear sky
2025-02-26 18:56:15,0.05,55,clear sky
2025-02-26 19:09:25,0.15,57,clear sky
2025-02-26 19:21:07,0.15,57,clear sky
2025-02-26 19:27:42,0.15,57,clear sky
2025-02-26 19:35:53,0.15,57,clear sky
2025-02-26 19:42:25,0.07,56,clear sky
2025-02-26 19:49:01,0.07,56,clear sky
2025-02-26 19:55:48,0.07,56,clear sky
2025-02-26 20:12:11,-6.24,73,clear sky
2025-02-26 20:29:17,-6.24,73,clear sky
2025-02-26 20:38:50,-6.24,73,clear sky
2025-02-26 20:45:08,-6.24,73,clear sky
2025-02-26 20:51:53,-6.24,73,clear sky
2025-02-26 20:58:18,-6.24,73,clear sky
2025-02-26 21:14:58,0.01,54,clear sky
2025-02-26 21:27:25,-6.24,79,clear sky
2025-02-26 21:35:18,-6.24,79,clear sky
2025-02-26 21:41:58,-6.24,79,clear sky
2025-02-26 21:48:39,-6.24,79,clear sky
2025-02-26 21:55:12,-6.24,79,clear sky
2025-02-26 22:09:17,-6.24,79,clear sky
2025-02-26 22:28:57,-6.24,86,clear sky
2025-02-26 22:39:13,-6.24,86,clear sky
2025-02-26 22:45:58,-6.24,86,clear sky
2025-02-26 22:52:23,-6.24,86,clear sky
2025-02-26 22:58:42,-6.24,86,clear sky
2025-02-26 23:17:25,0.34,48,clear sky
2025-02-26 23:30:30,-4.24,80,clear sky
2025-02-26 23:39:18,-4.24,80,clear sky
2025-02-26 23:45:45,-4.24,80,clear sky
2025-02-26 23:52:06,-4.24,80,clear sky
2025-02-26 23:58:32,-4.24,80,clear sky
2025-02-27 01:16:08,5.76,24,clear sky
2025-02-27 02:33:47,8.76,25,clear sky
2025-02-27 03:05:28,8.76,25,clear sky
2025-02-27 03:32:06,9.76,16,clear sky
2025-02-27 03:45:55,9.76,16,clear sky
2025-02-27 03:52:14,9.76,16,clear sky
2025-02-27 03:58:50,9.76,16,clear sky
2025-02-27 04:20:19,11.76,13,clear sky
2025-02-27 04:37:55,11.76,13,clear sky
2025-02-27 04:46:31,11.76,13,clear sky
2025-02-27 04:53:00,11.76,13,clear sky
2025-02-27 04:59:36,11.76,13,clear sky
2025-02-27 05:19:09,12.76,11,clear sky
2025-02-27 05:34:09,12.76,11,clear sky
2025-02-27 05:42:43,12.76,11,clear sky
2025-02-27 05:49:19,12.76,11,clear sky
2025-02-27 05:55:57,12.76,11,clear sky
2025-02-27 06:16:15,12.76,11,clear sky
2025-02-27 06:39:28,12.76,11,few clouds
2025-02-27 06:49:27,12.76,11,few clouds
2025-02-27 06:55:52,12.76,11,few clouds
2025-02-27 07:11:10,12.76,11,few clouds
2025-02-27 07:25:17,12.76,13,clear sky
2025-02-27 07:32:35,12.76,13,clear sky
2025-02-27 07:39:17,12.76,13,clear sky
2025-02-27 07:45:35,12.76,13,clear sky
2025-02-27 07:52:14,12.76,13,clear sky
2025-02-27 07:58:48,12.76,13,clear sky
2025-02-27 08:21:38,11.76,16,clear sky
2025-02-27 08:38:39,11.76,16,clear sky
2025-02-27 08:49:17,11.76,16,clear sky
2025-02-27 08:55:04,11.76,16,clear sky
2025-02-27 09:10:17,8.93,15,broken clouds
2025-02-27 09:28:26,10.76,19,clear sky
2025-02-27 09:38:10,10.76,19,clear sky
2025-02-27 09:44:45,10.76,19,clear sky
2025-02-27 09:51:08,10.76,19,clear sky
2025-02-27 09:57:46,10.76,19,clear sky
2025-02-27 10:16:01,10.76,19,clear sky
2025-02-27 10:34:56,6.76,31,clear sky
2025-02-27 10:44:43,6.76,31,clear sky
2025-02-27 10:51:19,6.76,31,clear sky
2025-02-27 10:57:50,6.76,31,clear sky
2025-02-27 11:12:26,6.76,31,clear sky
2025-02-27 11:24:04,2.76,41,clear sky
2025-02-27 11:30:41,2.76,41,clear sky
2025-02-27 11:38:18,2.76,41,clear sky
2025-02-27 11:44:53,2.76,41,clear sky
2025-02-27 11:51:30,2.76,41,clear sky
2025-02-27 11:57:49,2.76,41,clear sky
2025-02-27 12:29:47,2.76,41,clear sky
2025-02-27 13:00:16,2.76,41,clear sky
2025-02-27 13:27:23,5.92,17,overcast clouds
2025-02-27 13:40:10,-0.24,51,clear sky
2025-02-27 13:46:35,-0.24,51,clear sky
2025-02-27 13:52:50,-0.24,51,clear sky
2025-02-27 13:59:07,-0.24,51,clear sky
2025-02-27 14:17:14,5.29,18,overcast clouds
2025-02-27 14:33:43,-0.24,59,clear sky
2025-02-27 14:43:42,-0.24,59,clear sky
2025-02-27 14:49:58,-0.24,59,clear sky
2025-02-27 14:56:38,-0.24,59,clear sky
2025-02-27 15:14:10,-0.24,59,clear sky
2025-02-27 15:31:21,0.76,60,broken clouds
2025-02-27 15:40:48,0.76,60,broken clouds
2025-02-27 15:47:19,0.76,60,broken clouds
2025-02-27 15:54:22,0.76,60,broken clouds
2025-02-27 16:10:12,0.76,60,broken clouds
2025-02-27 16:35:04,-0.24,69,broken clouds
2025-02-27 16:48:21,-0.24,69,broken clouds
2025-02-27 16:55:10,-0.24,69,broken clouds
2025-02-27 17:09:01,3.83,25,broken clouds
2025-02-27 17:27:38,0.76,75,broken clouds
2025-02-27 17:37:54,0.76,75,broken clouds
2025-02-27 17:44:12,0.76,75,broken clouds
2025-02-27 17:50:48,0.76,75,broken clouds
2025-02-27 17:57:24,0.76,75,broken clouds
2025-02-27 18:19:19,3.52,27,broken clouds
2025-02-27 18:40:43,0.76,64,broken clouds
2025-02-27 18:50:29,0.76,64,broken clouds
2025-02-27 18:57:07,0.76,64,broken clouds
2025-02-27 19:10:52,4,35,broken clouds
2025-02-27 19:21:58,-0.24,64,scattered clouds
2025-02-27 19:28:26,-0.24,64,scattered clouds
2025-02-27 19:36:21,-0.24,64,scattered clouds
2025-02-27 19:42:52,-0.24,64,scattered clouds
2025-02-27 19:49:15,-0.24,64,scattered clouds
2025-02-27 19:55:56,-0.24,64,scattered clouds
2025-02-27 20:12:33,-0.24,64,scattered clouds
2025-02-27 20:29:22,-0.24,69,broken clouds
2025-02-27 20:39:09,-0.24,69,broken clouds
2025-02-27 20:45:41,-0.24,69,broken clouds
2025-02-27 20:52:17,-0.24,69,broken clouds
2025-02-27 20:58:49,-0.24,69,broken clouds
2025-02-27 21:16:01,-0.24,80,broken clouds
2025-02-27 21:28:07,-0.24,80,broken clouds
2025-02-27 21:35:50,-0.24,80,broken clouds
2025-02-27 21:42:07,-0.24,80,broken clouds
2025-02-27 21:48:56,-0.24,80,broken clouds
2025-02-27 21:55:37,-0.24,80,broken clouds
2025-02-27 22:10:01,3.61,41,broken clouds
2025-02-27 22:30:35,1.76,64,broken clouds
2025-02-27 22:41:22,1.76,64,broken clouds
2025-02-27 22:48:07,1.76,64,broken clouds
2025-02-27 22:54:41,1.76,64,broken clouds
2025-02-27 23:08:37,1.76,64,broken clouds
2025-02-27 23:24:48,1.76,75,broken clouds
2025-02-27 23:32:11,1.76,75,broken clouds
2025-02-27 23:39:28,1.76,75,broken clouds
2025-02-27 23:46:14,1.76,75,broken clouds
2025-02-27 23:52:56,1.76,75,broken clouds
2025-02-27 23:59:32,1.76,75,broken clouds
2025-02-28 01:24:22,6.76,49,broken clouds
2025-02-28 02:35:55,9.76,40,broken clouds
2025-02-28 03:06:00,9.76,40,broken clouds
2025-02-28 03:32:38,10.76,58,broken clouds
2025-02-28 03:45:43,10.76,58,broken clouds
2025-02-28 03:52:14,10.76,58,broken clouds
2025-02-28 03:58:44,10.76,58,broken clouds
2025-02-28 04:20:20,10.76,62,broken clouds
2025-02-28 04:37:48,10.76,62,broken clouds
2025-02-28 04:46:17,10.76,62,broken clouds
2025-02-28 04:52:55,10.76,62,broken clouds
2025-02-28 04:59:24,10.76,62,broken clouds
2025-02-28 05:18:52,7.74,59,overcast clouds
2025-02-28 05:34:24,10.76,62,broken clouds
2025-02-28 05:43:09,10.76,62,broken clouds
2025-02-28 05:49:28,10.76,62,broken clouds
2025-02-28 05:55:55,10.76,62,broken clouds
2025-02-28 06:15:39,8.69,60,overcast clouds
2025-02-28 06:38:32,11.76,58,broken clouds
2025-02-28 06:48:38,11.76,58,broken clouds
2025-02-28 06:55:07,11.76,58,broken clouds
2025-02-28 07:09:50,11.76,58,broken clouds
2025-02-28 07:24:54,11.76,58,broken clouds
2025-02-28 07:31:45,11.76,58,broken clouds
2025-02-28 07:38:54,11.76,58,broken clouds
2025-02-28 07:45:22,11.76,58,broken clouds
2025-02-28 07:51:57,11.76,58,broken clouds
2025-02-28 07:58:40,11.76,58,broken clouds
2025-02-28 08:20:57,10.76,66,scattered clouds
2025-02-28 08:37:44,10.76,66,scattered clouds
2025-02-28 08:47:29,10.76,66,scattered clouds
2025-02-28 08:53:54,10.76,66,scattered clouds
2025-02-28 09:00:42,10.76,66,scattered clouds
2025-02-28 09:22:13,9.76,71,clear sky
2025-02-28 09:33:13,9.76,71,clear sky
2025-02-28 09:41:19,9.76,71,clear sky
2025-02-28 09:48:11,9.76,71,clear sky
2025-02-28 09:54:50,9.76,71,clear sky
2025-02-28 10:09:44,9.76,71,clear sky
2025-02-28 10:31:36,4.76,87,clear sky
2025-02-28 10:42:44,4.76,87,clear sky
2025-02-28 10:49:22,4.76,87,clear sky
2025-02-28 10:55:42,4.76,87,clear sky
2025-02-28 11:09:03,4.76,100,clear sky
2025-02-28 11:21:49,4.76,100,clear sky
2025-02-28 11:28:27,4.76,100,clear sky
2025-02-28 11:36:24,4.76,100,clear sky
2025-02-28 11:42:53,4.76,100,clear sky
2025-02-28 11:49:39,4.76,100,clear sky
2025-02-28 11:56:09,4.76,100,clear sky
2025-02-28 12:21:51,3.76,100,clear sky
2025-02-28 12:54:30,3.76,100,clear sky
2025-02-28 13:16:40,6.05,74,clear sky
2025-02-28 13:33:07,3.76,100,mist
2025-02-28 13:41:33,3.76,100,mist
2025-02-28 13:48:24,3.76,100,mist
2025-02-28 13:54:47,3.76,100,mist
2025-02-28 14:08:49,3.76,100,mist
2025-02-28 14:28:54,0.76,100,mist
2025-02-28 14:39:53,0.76,100,mist
2025-02-28 14:46:40,0.76,100,mist
2025-02-28 14:53:28,0.76,100,mist
2025-02-28 14:59:54,0.76,100,mist
2025-02-28 15:20:32,0.76,100,fog
2025-02-28 15:33:17,0.76,100,fog
2025-02-28 15:42:10,0.76,100,fog
2025-02-28 15:48:34,0.76,100,fog
2025-02-28 15:55:12,0.76,100,fog
2025-02-28 16:11:45,4.57,80,clear sky
2025-02-28 16:34:49,-1.24,100,fog
2025-02-28 16:46:30,-1.24,100,fog
2025-02-28 16:53:12,-0.24,93,fog
2025-02-28 16:59:46,-0.24,93,fog
2025-02-28 17:15:29,-0.24,93,fog
2025-02-28 17:29:26,-0.24,100,fog
2025-02-28 17:38:23,-0.24,100,fog
2025-02-28 17:44:45,-0.24,100,fog
2025-02-28 17:51:24,-0.24,100,fog
2025-02-28 17:57:42,-0.24,100,fog
2025-02-28 18:20:14,3.88,81,few clouds
2025-02-28 18:40:25,-1.24,100,fog
2025-02-28 18:49:56,-1.24,100,fog
2025-02-28 18:56:35,-1.24,100,fog
2025-02-28 19:11:33,-0.24,100,fog
2025-02-28 19:23:07,-0.24,100,fog
2025-02-28 19:29:46,-0.24,100,fog
2025-02-28 19:37:23,-0.24,100,fog
2025-02-28 19:43:45,-0.24,100,fog
2025-02-28 19:50:08,-0.24,100,fog
2025-02-28 19:56:44,-0.24,100,fog
2025-02-28 20:13:41,-0.24,100,fog
2025-02-28 20:29:42,-0.24,100,fog
2025-02-28 20:39:48,-0.24,100,fog
2025-02-28 20:46:27,-0.24,100,fog
2025-02-28 20:53:15,-0.24,100,fog
2025-02-28 20:59:44,-0.24,100,fog
2025-02-28 21:17:11,3.56,79,overcast clouds
2025-02-28 21:28:11,-1.24,100,fog
2025-02-28 21:35:32,-1.24,100,fog
2025-02-28 21:42:08,-1.24,100,fog
2025-02-28 21:48:48,-1.24,100,fog
2025-02-28 21:55:30,-1.24,100,fog
2025-02-28 22:09:50,-1.24,100,fog
2025-02-28 22:28:58,-1.24,100,fog
2025-02-28 22:39:14,-1.24,100,fog
2025-02-28 22:45:50,-0.24,100,fog
2025-02-28 22:52:23,-0.24,93,fog
2025-02-28 22:58:43,-0.24,93,fog
2025-02-28 23:15:21,-0.24,93,fog
2025-02-28 23:27:11,-0.24,100,fog
2025-02-28 23:34:35,-0.24,100,fog
2025-02-28 23:41:15,-0.24,100,fog
2025-02-28 23:47:46,-0.24,100,fog
2025-02-28 23:54:11,-0.24,100,fog
2025-03-01 00:41:12,1.76,100,mist
2025-03-01 02:14:28,8.76,71,overcast clouds
2025-03-01 03:05:27,8.76,71,mist
2025-03-01 03:35:34,13.76,44,haze
2025-03-01 03:48:53,13.76,44,haze
2025-03-01 03:55:13,13.76,44,haze
2025-03-01 04:11:43,8.28,50,overcast clouds
2025-03-01 04:31:06,12.76,47,overcast clouds
2025-03-01 04:41:47,12.76,47,haze
2025-03-01 04:48:21,12.76,47,haze
2025-03-01 04:55:01,12.76,47,haze
2025-03-01 05:09:05,12.76,47,haze
2025-03-01 05:27:31,11.76,54,light rain
2025-03-01 05:37:00,11.76,54,light rain
2025-03-01 05:43:29,11.76,54,moderate rain
2025-03-01 05:49:57,11.76,54,moderate rain
2025-03-01 05:56:24,11.76,54,moderate rain
2025-03-01 06:16:18,11.76,54,moderate rain
2025-03-01 06:37:43,10.76,82,moderate rain
2025-03-01 06:47:28,10.76,82,moderate rain
2025-03-01 06:54:02,10.76,82,light rain
2025-03-01 07:06:38,10.76,82,broken clouds
2025-03-01 07:22:03,8.86,49,overcast clouds
2025-03-01 07:28:39,11.76,66,overcast clouds
2025-03-01 07:35:38,11.76,66,haze
2025-03-01 07:42:14,11.76,66,haze
2025-03-01 07:48:53,11.76,66,haze
2025-03-01 07:55:24,11.76,66,haze
2025-03-01 08:12:21,11.76,66,haze
2025-03-01 08:31:27,11.76,62,haze
2025-03-01 08:43:02,11.76,62,haze
2025-03-01 08:49:26,11.76,62,haze
2025-03-01 08:55:50,11.76,62,haze
2025-03-01 09:10:26,11.76,62,haze
2025-03-01 09:25:43,10.76,71,overcast clouds
2025-03-01 09:33:39,10.76,71,haze
2025-03-01 09:40:22,10.76,71,haze
2025-03-01 09:46:57,10.76,71,haze
2025-03-01 09:53:37,10.76,71,haze
2025-03-01 09:59:59,10.76,71,haze
2025-03-01 10:18:28,7.63,64,overcast clouds
2025-03-01 10:32:58,9.76,76,broken clouds
2025-03-01 10:41:27,9.76,76,broken clouds
2025-03-01 10:48:00,9.76,76,broken clouds
2025-03-01 10:54:34,9.76,76,broken clouds
2025-03-01 11:06:19,9.76,76,broken clouds
2025-03-01 11:19:08,7.58,65,overcast clouds
2025-03-01 11:25:44,7.76,81,overcast clouds
2025-03-01 11:32:55,7.76,81,overcast clouds
2025-03-01 11:40:01,7.76,81,broken clouds
2025-03-01 11:46:53,7.76,81,broken clouds
2025-03-01 11:53:18,7.76,81,broken clouds
2025-03-01 11:59:51,7.76,81,broken clouds
2025-03-01 12:34:40,5.76,100,mist
2025-03-01 12:57:53,5.76,100,mist
2025-03-01 13:17:37,7.59,62,overcast clouds
2025-03-01 13:30:21,6.76,93,mist
2025-03-01 13:37:42,6.76,93,mist
2025-03-01 13:44:11,6.76,93,mist
2025-03-01 13:51:00,6.76,93,mist
2025-03-01 13:57:17,6.76,93,mist
2025-03-01 14:11:34,6.76,93,mist
2025-03-01 14:28:28,6.76,87,mist
2025-03-01 14:37:34,6.76,87,mist
2025-03-01 14:44:15,6.76,87,mist
2025-03-01 14:50:49,6.76,87,mist
2025-03-01 14:57:35,6.76,87,mist
2025-03-01 15:13:32,7.43,53,broken clouds
2025-03-01 15:28:34,3.76,100,mist
2025-03-01 15:37:22,3.76,100,mist
2025-03-01 15:43:55,3.76,100,mist
2025-03-01 15:50:26,3.76,100,mist
2025-03-01 15:56:44,3.76,100,mist
2025-03-01 16:13:42,7.07,55,broken clouds
2025-03-01 16:31:55,3.76,100,mist
2025-03-01 16:42:56,3.76,100,mist
2025-03-01 16:49:37,3.76,100,mist
2025-03-01 16:56:16,3.76,100,mist
2025-03-01 17:09:44,3.76,100,mist
2025-03-01 17:25:08,6.77,56,broken clouds
2025-03-01 17:32:23,3.76,100,mist
2025-03-01 17:38:53,3.76,100,mist
2025-03-01 17:45:13,3.76,100,mist
2025-03-01 17:51:33,3.76,100,mist
2025-03-01 17:57:49,3.76,100,mist
2025-03-01 18:18:22,6.47,56,broken clouds
2025-03-01 18:35:55,3.76,100,mist
2025-03-01 18:45:08,3.76,100,mist
2025-03-01 18:51:37,3.76,100,mist
2025-03-01 18:57:50,3.76,100,mist
2025-03-01 19:10:53,3.76,100,mist
2025-03-01 19:20:36,4.76,100,mist
2025-03-01 19:27:03,4.76,100,mist
2025-03-01 19:34:48,4.76,100,mist
2025-03-01 19:41:21,4.76,100,mist
2025-03-01 19:47:47,4.76,100,mist
2025-03-01 19:54:27,4.76,100,mist
2025-03-01 20:07:57,4.76,100,mist
2025-03-01 20:25:14,7.26,53,overcast clouds
2025-03-01 20:33:10,5.76,93,mist
2025-03-01 20:40:40,5.76,93,mist
2025-03-01 20:47:26,5.76,93,mist
2025-03-01 20:53:51,5.76,93,mist
2025-03-01 21:00:40,5.76,93,mist
2025-03-01 21:18:47,7.18,51,overcast clouds
2025-03-01 21:29:23,4.76,100,mist
2025-03-01 21:36:24,4.76,100,mist
2025-03-01 21:42:45,4.76,100,mist
2025-03-01 21:49:17,4.76,100,mist
2025-03-01 21:55:37,4.76,100,mist
2025-03-01 22:08:53,4.76,100,mist
2025-03-01 22:27:29,7.16,51,overcast clouds
